{
  "hash": "26330087",
  "configHash": "c853f7b6",
  "lockfileHash": "b2d14bff",
  "browserHash": "b15ec9d7",
  "optimized": {
    "@angular/core": {
      "src": "../../../../../../node_modules/@angular/core/fesm2022/core.mjs",
      "file": "@angular_core.js",
      "fileHash": "2d73b0ba",
      "needsInterop": false
    },
    "@angular/platform-browser": {
      "src": "../../../../../../node_modules/@angular/platform-browser/fesm2022/platform-browser.mjs",
      "file": "@angular_platform-browser.js",
      "fileHash": "e6b7857b",
      "needsInterop": false
    }
  },
  "chunks": {
    "chunk-54NG2GMA": {
      "file": "chunk-54NG2GMA.js"
    }
  }
}